"date","product_id","product_count","customer_count","sale_price"
"2023-02-01","0","7","6","17.73"
"2023-02-01","1","8","7","16.91"
"2023-02-01","2","8","8","44.54"
"2023-02-01","3","11","10","54.51"
"2023-02-01","5","9","7","58.57"
"2023-02-01","6","9","8","25.72"
"2023-02-01","7","10","10","52.97"
"2023-02-01","8","7","6","48.51"
"2023-02-01","9","10","8","13.75"
"2023-02-01","10","9","9","16.08"
"2023-02-01","11","11","11","25.8"
"2023-02-01","12","7","7","52.71"
"2023-02-01","13","7","6","73.87"
"2023-02-01","14","9","9","36.7"
"2023-02-01","17","8","8","20.02"
"2023-02-01","18","9","8","34.96"
"2023-02-01","19","8","7","14.79"
"2023-02-01","20","7","6","44.25"
"2023-02-01","22","7","6","15.52"
"2023-02-01","23","9","9","24.04"
"2023-02-01","24","7","6","18.98"
"2023-02-01","25","10","9","29.86"
"2023-02-01","26","10","10","42.9"
"2023-02-01","28","7","6","53.85"
"2023-02-01","30","11","10","62.05"
"2023-02-01","32","7","6","11.73"
"2023-02-01","33","9","8","14.7"
"2023-02-01","34","9","8","54.4"
"2023-02-01","35","11","10","36.41"
"2023-02-01","38","8","8","102.73"
"2023-02-01","39","9","8","34.28"
"2023-02-01","40","7","6","13.84"
"2023-02-01","41","8","7","27.9"
"2023-02-01","42","9","8","34.03"
"2023-02-01","43","7","6","24.88"
"2023-02-01","44","8","8","50.71"
"2023-02-01","45","8","6","86.55"
"2023-02-01","46","9","8","42.15"
"2023-02-01","50","7","7","15.6"
"2023-02-01","51","10","9","23.25"
"2023-02-01","52","9","9","52.21"
"2023-02-01","55","9","7","17.64"
"2023-02-01","56","8","7","33.84"
"2023-02-01","58","7","7","48.1"
"2023-02-01","59","9","8","71.79"
"2023-02-01","60","9","9","66.34"
"2023-02-01","63","8","7","88.16"
"2023-02-01","67","6","6","34.13"
"2023-02-01","68","8","8","34.42"
"2023-02-01","69","10","9","21.8"
"2023-02-01","70","7","7","20.85"
"2023-02-01","73","7","7","7.41"
"2023-02-01","76","7","6","44.94"
"2023-02-01","78","8","7","28.78"
"2023-02-01","81","8","7","25.42"
"2023-02-01","82","8","7","31.67"
"2023-02-01","83","8","7","25.08"
"2023-02-01","84","8","7","22.96"
"2023-02-01","86","10","9","30.99"
"2023-02-01","87","7","7","13.14"
"2023-02-01","91","9","8","28.42"
"2023-02-01","92","8","7","82.34"
"2023-02-01","94","10","8","27.37"
"2023-02-01","95","8","8","30.04"
"2023-02-01","96","9","8","47.21"
"2023-02-01","97","9","8","18.37"
"2023-02-01","98","8","7","19.64"
"2023-02-01","99","9","7","66.91"
"2023-02-02","0","8","7","17.73"
"2023-02-02","1","7","6","16.91"
"2023-02-02","2","10","10","44.54"
"2023-02-02","5","9","7","58.57"
"2023-02-02","7","7","6","52.97"
"2023-02-02","9","9","8","13.75"
"2023-02-02","11","11","9","25.8"
"2023-02-02","13","8","8","73.87"
"2023-02-02","14","8","8","36.7"
"2023-02-02","15","9","7","39.5"
"2023-02-02","16","9","8","41.34"
"2023-02-02","17","7","7","20.02"
"2023-02-02","19","9","8","14.79"
"2023-02-02","21","9","9","21.05"
"2023-02-02","23","8","7","24.04"
"2023-02-02","24","7","6","18.98"
"2023-02-02","26","9","9","42.9"
"2023-02-02","27","8","7","24.23"
"2023-02-02","28","7","6","53.85"
"2023-02-02","29","9","8","9.02"
"2023-02-02","31","8","7","44.33"
"2023-02-02","33","9","8","14.7"
"2023-02-02","34","8","7","54.4"
"2023-02-02","35","8","8","36.41"
"2023-02-02","36","9","8","174.35"
"2023-02-02","37","7","6","17.94"
"2023-02-02","38","8","7","102.73"
"2023-02-02","39","10","9","34.28"
"2023-02-02","40","8","8","13.84"
"2023-02-02","41","9","7","27.9"
"2023-02-02","42","9","8","34.03"
"2023-02-02","43","8","8","24.88"
"2023-02-02","45","8","8","86.55"
"2023-02-02","46","7","6","42.15"
"2023-02-02","47","6","5","8.66"
"2023-02-02","48","7","7","22.66"
"2023-02-02","49","10","8","28.6"
"2023-02-02","51","8","8","23.25"
"2023-02-02","52","6","6","52.21"
"2023-02-02","55","8","8","17.64"
"2023-02-02","56","8","8","33.84"
"2023-02-02","57","7","6","23.15"
"2023-02-02","58","7","7","48.1"
"2023-02-02","60","9","8","66.34"
"2023-02-02","61","8","8","54.96"
"2023-02-02","62","9","9","82.44"
"2023-02-02","63","7","7","88.16"
"2023-02-02","64","8","7","55.29"
"2023-02-02","66","8","7","189.21"
"2023-02-02","67","9","9","34.13"
"2023-02-02","69","10","9","21.8"
"2023-02-02","70","8","7","20.85"
"2023-02-02","72","6","5","24.67"
"2023-02-02","74","8","8","32.36"
"2023-02-02","75","7","6","34.44"
"2023-02-02","76","9","7","44.94"
"2023-02-02","79","7","6","51.84"
"2023-02-02","80","7","6","19.71"
"2023-02-02","81","7","6","25.42"
"2023-02-02","84","7","7","22.96"
"2023-02-02","85","9","8","28.36"
"2023-02-02","89","8","8","82.16"
"2023-02-02","90","8","8","8.39"
"2023-02-02","91","9","8","28.42"
"2023-02-02","93","8","7","208.8"
"2023-02-02","95","7","6","30.04"
"2023-02-02","96","9","9","47.21"
"2023-02-02","97","9","7","18.37"
"2023-02-02","98","7","7","19.64"
"2023-02-02","99","7","7","66.91"
"2023-02-03","1","10","10","16.91"
"2023-02-03","3","8","7","54.51"
"2023-02-03","4","11","10","47.68"
"2023-02-03","5","8","7","58.57"
"2023-02-03","7","10","9","52.97"
"2023-02-03","10","8","8","16.08"
"2023-02-03","11","10","10","25.8"
"2023-02-03","15","7","6","39.5"
"2023-02-03","16","8","8","41.34"
"2023-02-03","17","7","7","20.02"
"2023-02-03","20","8","8","44.25"
"2023-02-03","22","6","5","15.52"
"2023-02-03","23","9","7","24.04"
"2023-02-03","25","8","7","29.86"
"2023-02-03","28","8","7","53.85"
"2023-02-03","29","7","6","9.02"
"2023-02-03","30","10","8","62.05"
"2023-02-03","31","7","6","44.33"
"2023-02-03","33","6","5","14.7"
"2023-02-03","34","10","10","54.4"
"2023-02-03","35","10","8","36.41"
"2023-02-03","36","8","7","174.35"
"2023-02-03","37","7","6","17.94"
"2023-02-03","39","7","6","34.28"
"2023-02-03","41","7","7","27.9"
"2023-02-03","42","8","8","34.03"
"2023-02-03","43","7","7","24.88"
"2023-02-03","44","8","8","50.71"
"2023-02-03","45","9","9","86.55"
"2023-02-03","46","8","7","42.15"
"2023-02-03","47","9","7","8.66"
"2023-02-03","48","9","9","22.66"
"2023-02-03","51","7","6","23.25"
"2023-02-03","52","9","7","52.21"
"2023-02-03","53","8","8","34.61"
"2023-02-03","54","9","7","19.39"
"2023-02-03","55","6","5","17.64"
"2023-02-03","56","11","10","33.84"
"2023-02-03","57","7","7","23.15"
"2023-02-03","59","7","7","71.79"
"2023-02-03","61","7","6","54.96"
"2023-02-03","63","7","6","88.16"
"2023-02-03","65","10","10","56.35"
"2023-02-03","69","10","9","21.8"
"2023-02-03","71","9","9","23.29"
"2023-02-03","72","7","7","24.67"
"2023-02-03","76","9","9","44.94"
"2023-02-03","79","8","7","51.84"
"2023-02-03","80","8","7","19.71"
"2023-02-03","82","7","7","31.67"
"2023-02-03","86","8","7","30.99"
"2023-02-03","88","7","7","21.77"
"2023-02-03","89","8","7","82.16"
"2023-02-03","90","10","9","8.39"
"2023-02-03","91","8","8","28.42"
"2023-02-03","92","9","9","82.34"
"2023-02-03","93","10","9","208.8"
"2023-02-03","96","11","10","47.21"
"2023-02-03","97","9","8","18.37"
"2023-02-03","98","8","7","19.64"
"2023-02-04","2","8","8","44.54"
"2023-02-04","4","9","8","47.68"
"2023-02-04","7","6","5","52.97"
"2023-02-04","9","9","7","13.75"
"2023-02-04","10","6","5","16.08"
"2023-02-04","12","8","7","52.71"
"2023-02-04","13","10","8","73.87"
"2023-02-04","15","9","7","39.5"
"2023-02-04","16","7","6","41.34"
"2023-02-04","17","8","7","20.02"
"2023-02-04","18","8","6","34.96"
"2023-02-04","19","8","7","14.79"
"2023-02-04","20","7","7","44.25"
"2023-02-04","21","7","7","21.05"
"2023-02-04","22","8","8","15.52"
"2023-02-04","24","10","9","18.98"
"2023-02-04","25","10","8","29.86"
"2023-02-04","27","7","7","24.23"
"2023-02-04","31","7","6","44.33"
"2023-02-04","32","9","9","11.73"
"2023-02-04","33","10","8","14.7"
"2023-02-04","34","8","7","54.4"
"2023-02-04","37","9","7","17.94"
"2023-02-04","39","8","7","34.28"
"2023-02-04","41","7","6","27.9"
"2023-02-04","43","7","6","24.88"
"2023-02-04","46","8","8","42.15"
"2023-02-04","49","9","9","28.6"
"2023-02-04","52","9","7","52.21"
"2023-02-04","55","8","6","17.64"
"2023-02-04","56","8","7","33.84"
"2023-02-04","60","9","8","66.34"
"2023-02-04","62","10","10","82.44"
"2023-02-04","64","9","9","55.29"
"2023-02-04","65","9","8","56.35"
"2023-02-04","66","7","6","189.21"
"2023-02-04","67","7","7","34.13"
"2023-02-04","69","10","9","21.8"
"2023-02-04","70","9","8","20.85"
"2023-02-04","73","9","7","7.41"
"2023-02-04","74","10","9","32.36"
"2023-02-04","80","9","9","19.71"
"2023-02-04","81","7","6","25.42"
"2023-02-04","82","8","8","31.67"
"2023-02-04","84","8","8","22.96"
"2023-02-04","87","9","8","13.14"
"2023-02-04","90","8","7","8.39"
"2023-02-04","94","10","9","27.37"
"2023-02-04","95","7","7","30.04"
"2023-02-04","96","10","9","47.21"
"2023-02-04","97","7","7","18.37"
"2023-02-04","98","7","6","19.64"
"2023-02-04","99","8","7","66.91"
"2023-02-05","1","9","9","16.91"
"2023-02-05","4","10","10","47.68"
"2023-02-05","5","8","7","58.57"
"2023-02-05","7","7","7","52.97"
"2023-02-05","8","6","5","48.51"
"2023-02-05","9","10","10","13.75"
"2023-02-05","10","7","6","16.08"
"2023-02-05","11","10","10","25.8"
"2023-02-05","12","9","8","52.71"
"2023-02-05","13","7","6","73.87"
"2023-02-05","14","9","8","36.7"
"2023-02-05","15","7","6","39.5"
"2023-02-05","18","9","7","34.96"
"2023-02-05","22","8","7","15.52"
"2023-02-05","23","7","7","24.04"
"2023-02-05","28","8","8","53.85"
"2023-02-05","29","9","9","9.02"
"2023-02-05","31","8","6","44.33"
"2023-02-05","34","7","6","54.4"
"2023-02-05","36","10","9","174.35"
"2023-02-05","39","7","6","34.28"
"2023-02-05","42","9","8","34.03"
"2023-02-05","46","8","7","42.15"
"2023-02-05","47","7","7","8.66"
"2023-02-05","50","7","6","15.6"
"2023-02-05","51","7","6","23.25"
"2023-02-05","55","9","8","17.64"
"2023-02-05","56","8","8","33.84"
"2023-02-05","59","7","6","71.79"
"2023-02-05","60","8","8","66.34"
"2023-02-05","62","9","8","82.44"
"2023-02-05","65","8","7","56.35"
"2023-02-05","66","8","8","189.21"
"2023-02-05","67","9","9","34.13"
"2023-02-05","69","9","7","21.8"
"2023-02-05","70","9","9","20.85"
"2023-02-05","71","7","7","23.29"
"2023-02-05","72","9","9","24.67"
"2023-02-05","75","8","7","34.44"
"2023-02-05","77","8","7","27.42"
"2023-02-05","79","9","7","51.84"
"2023-02-05","82","8","6","31.67"
"2023-02-05","86","8","8","30.99"
"2023-02-05","88","7","6","21.77"
"2023-02-05","90","8","7","8.39"
"2023-02-05","91","7","7","28.42"
"2023-02-05","92","8","7","82.34"
"2023-02-05","93","7","7","208.8"
"2023-02-05","96","9","8","47.21"
"2023-02-05","98","7","6","19.64"
"2023-02-06","2","9","8","44.54"
"2023-02-06","3","8","8","54.51"
"2023-02-06","4","12","12","47.68"
"2023-02-06","5","6","5","58.57"
"2023-02-06","7","8","8","52.97"
"2023-02-06","8","7","6","48.51"
"2023-02-06","10","8","8","16.08"
"2023-02-06","11","24","20","25.8"
"2023-02-06","12","7","6","52.71"
"2023-02-06","13","11","10","73.87"
"2023-02-06","14","20","17","36.7"
"2023-02-06","15","7","6","39.5"
"2023-02-06","18","10","8","34.96"
"2023-02-06","20","7","7","44.25"
"2023-02-06","21","7","6","21.05"
"2023-02-06","23","6","6","24.04"
"2023-02-06","24","5","4","18.98"
"2023-02-06","25","26","21","29.86"
"2023-02-06","27","21","19","24.23"
"2023-02-06","32","10","9","11.73"
"2023-02-06","33","8","7","14.7"
"2023-02-06","34","21","20","54.4"
"2023-02-06","37","8","7","17.94"
"2023-02-06","38","18","16","102.73"
"2023-02-06","41","22","22","27.9"
"2023-02-06","42","7","6","34.03"
"2023-02-06","43","18","16","24.88"
"2023-02-06","45","9","7","86.55"
"2023-02-06","46","7","7","42.15"
"2023-02-06","47","9","8","8.66"
"2023-02-06","48","19","17","22.66"
"2023-02-06","52","6","6","52.21"
"2023-02-06","53","7","7","34.61"
"2023-02-06","54","8","7","19.39"
"2023-02-06","55","5","4","17.64"
"2023-02-06","57","7","7","23.15"
"2023-02-06","58","20","17","48.1"
"2023-02-06","59","8","7","71.79"
"2023-02-06","63","8","7","88.16"
"2023-02-06","64","10","9","55.29"
"2023-02-06","65","20","18","56.35"
"2023-02-06","66","8","8","189.21"
"2023-02-06","67","9","9","34.13"
"2023-02-06","70","21","21","20.85"
"2023-02-06","71","7","6","23.29"
"2023-02-06","72","8","7","24.67"
"2023-02-06","73","8","8","7.41"
"2023-02-06","75","9","8","34.44"
"2023-02-06","76","19","16","44.94"
"2023-02-06","77","8","7","27.42"
"2023-02-06","78","8","7","28.78"
"2023-02-06","79","7","7","51.84"
"2023-02-06","80","7","6","19.71"
"2023-02-06","81","9","9","25.42"
"2023-02-06","84","20","18","22.96"
"2023-02-06","85","7","6","28.36"
"2023-02-06","86","6","6","30.99"
"2023-02-06","87","8","8","13.14"
"2023-02-06","89","9","8","82.16"
"2023-02-06","90","20","19","8.39"
"2023-02-06","92","9","8","82.34"
"2023-02-06","93","9","8","208.8"
"2023-02-06","94","22","21","27.37"
"2023-02-06","96","9","8","47.21"
"2023-02-06","97","7","6","18.37"
"2023-02-06","98","8","7","19.64"
"2023-02-06","99","7","6","66.91"
"2023-02-07","0","9","8","17.73"
"2023-02-07","2","9","8","44.54"
"2023-02-07","4","9","9","47.68"
"2023-02-07","5","9","8","58.57"
"2023-02-07","7","8","7","52.97"
"2023-02-07","8","8","8","48.51"
"2023-02-07","9","9","7","13.75"
"2023-02-07","10","7","6","16.08"
"2023-02-07","11","9","8","25.8"
"2023-02-07","13","8","7","73.87"
"2023-02-07","14","8","7","36.7"
"2023-02-07","15","8","7","39.5"
"2023-02-07","16","8","7","41.34"
"2023-02-07","17","7","6","20.02"
"2023-02-07","18","7","7","34.96"
"2023-02-07","22","6","6","15.52"
"2023-02-07","23","7","7","24.04"
"2023-02-07","24","7","7","18.98"
"2023-02-07","25","9","9","29.86"
"2023-02-07","26","11","11","42.9"
"2023-02-07","27","9","8","24.23"
"2023-02-07","28","8","8","53.85"
"2023-02-07","29","6","5","9.02"
"2023-02-07","31","10","9","44.33"
"2023-02-07","32","8","8","11.73"
"2023-02-07","33","10","9","14.7"
"2023-02-07","35","10","9","36.41"
"2023-02-07","36","8","7","174.35"
"2023-02-07","37","10","8","17.94"
"2023-02-07","39","7","6","34.28"
"2023-02-07","40","6","5","13.84"
"2023-02-07","41","8","7","27.9"
"2023-02-07","44","7","6","50.71"
"2023-02-07","46","8","7","42.15"
"2023-02-07","47","7","6","8.66"
"2023-02-07","49","8","8","28.6"
"2023-02-07","51","9","9","23.25"
"2023-02-07","52","10","10","52.21"
"2023-02-07","54","9","9","19.39"
"2023-02-07","55","8","6","17.64"
"2023-02-07","59","8","7","71.79"
"2023-02-07","60","8","7","66.34"
"2023-02-07","61","6","5","54.96"
"2023-02-07","62","6","6","82.44"
"2023-02-07","63","9","9","88.16"
"2023-02-07","65","8","7","56.35"
"2023-02-07","66","9","8","189.21"
"2023-02-07","67","8","8","34.13"
"2023-02-07","68","12","11","34.42"
"2023-02-07","71","7","7","23.29"
"2023-02-07","72","8","7","24.67"
"2023-02-07","75","9","7","34.44"
"2023-02-07","76","7","6","44.94"
"2023-02-07","77","7","6","27.42"
"2023-02-07","78","7","7","28.78"
"2023-02-07","79","9","9","51.84"
"2023-02-07","80","10","10","19.71"
"2023-02-07","82","7","7","31.67"
"2023-02-07","83","9","8","25.08"
"2023-02-07","87","7","7","13.14"
"2023-02-07","92","7","7","82.34"
"2023-02-07","93","8","8","208.8"
"2023-02-07","96","9","7","47.21"
"2023-02-07","97","9","9","18.37"
"2023-02-08","0","8","7","17.73"
"2023-02-08","1","7","7","16.91"
"2023-02-08","2","8","7","44.54"
"2023-02-08","3","8","7","54.51"
"2023-02-08","4","10","8","47.68"
"2023-02-08","8","8","8","48.51"
"2023-02-08","9","9","8","13.75"
"2023-02-08","10","7","6","16.08"
"2023-02-08","11","10","9","25.8"
"2023-02-08","12","8","7","52.71"
"2023-02-08","13","9","7","73.87"
"2023-02-08","16","9","8","41.34"
"2023-02-08","17","8","7","20.02"
"2023-02-08","18","8","7","34.96"
"2023-02-08","20","8","7","44.25"
"2023-02-08","23","6","6","24.04"
"2023-02-08","24","10","8","18.98"
"2023-02-08","27","7","6","24.23"
"2023-02-08","29","9","7","9.02"
"2023-02-08","31","9","7","44.33"
"2023-02-08","33","6","5","14.7"
"2023-02-08","36","7","7","174.35"
"2023-02-08","37","9","9","17.94"
"2023-02-08","38","8","8","102.73"
"2023-02-08","39","9","9","34.28"
"2023-02-08","41","9","8","27.9"
"2023-02-08","42","8","7","34.03"
"2023-02-08","44","8","7","50.71"
"2023-02-08","45","7","7","86.55"
"2023-02-08","46","10","10","42.15"
"2023-02-08","47","7","6","8.66"
"2023-02-08","48","7","6","22.66"
"2023-02-08","50","8","7","15.6"
"2023-02-08","51","9","8","23.25"
"2023-02-08","52","7","6","52.21"
"2023-02-08","53","9","8","34.61"
"2023-02-08","54","8","7","19.39"
"2023-02-08","56","7","7","33.84"
"2023-02-08","57","6","5","23.15"
"2023-02-08","58","7","6","48.1"
"2023-02-08","59","9","9","71.79"
"2023-02-08","60","8","7","66.34"
"2023-02-08","61","8","8","54.96"
"2023-02-08","62","9","8","82.44"
"2023-02-08","63","6","5","88.16"
"2023-02-08","65","8","8","56.35"
"2023-02-08","66","8","7","189.21"
"2023-02-08","68","12","10","34.42"
"2023-02-08","69","11","9","21.8"
"2023-02-08","71","8","7","23.29"
"2023-02-08","72","8","8","24.67"
"2023-02-08","74","7","7","32.36"
"2023-02-08","75","8","8","34.44"
"2023-02-08","76","7","7","44.94"
"2023-02-08","77","9","9","27.42"
"2023-02-08","78","6","5","28.78"
"2023-02-08","79","6","5","51.84"
"2023-02-08","80","7","6","19.71"
"2023-02-08","83","7","6","25.08"
"2023-02-08","84","8","8","22.96"
"2023-02-08","86","9","8","30.99"
"2023-02-08","87","9","7","13.14"
"2023-02-08","88","8","7","21.77"
"2023-02-08","96","9","8","47.21"
"2023-02-09","1","9","7","16.91"
"2023-02-09","3","11","9","54.51"
"2023-02-09","4","10","8","47.68"
"2023-02-09","5","8","8","58.57"
"2023-02-09","9","11","10","13.75"
"2023-02-09","10","8","7","16.08"
"2023-02-09","12","9","9","52.71"
"2023-02-09","18","7","6","34.96"
"2023-02-09","19","7","7","14.79"
"2023-02-09","21","8","7","21.05"
"2023-02-09","23","7","6","24.04"
"2023-02-09","24","7","6","18.98"
"2023-02-09","25","9","9","29.86"
"2023-02-09","26","10","10","42.9"
"2023-02-09","27","9","8","24.23"
"2023-02-09","28","10","9","53.85"
"2023-02-09","30","7","7","62.05"
"2023-02-09","31","8","7","44.33"
"2023-02-09","33","9","8","14.7"
"2023-02-09","34","9","8","54.4"
"2023-02-09","35","11","9","36.41"
"2023-02-09","36","6","5","174.35"
"2023-02-09","37","10","9","17.94"
"2023-02-09","38","7","7","102.73"
"2023-02-09","39","9","7","34.28"
"2023-02-09","42","7","6","34.03"
"2023-02-09","43","8","7","24.88"
"2023-02-09","44","8","8","50.71"
"2023-02-09","45","9","7","86.55"
"2023-02-09","46","7","7","42.15"
"2023-02-09","47","7","6","8.66"
"2023-02-09","48","10","9","22.66"
"2023-02-09","50","6","6","15.6"
"2023-02-09","51","8","7","23.25"
"2023-02-09","52","7","6","52.21"
"2023-02-09","54","8","7","19.39"
"2023-02-09","55","8","7","17.64"
"2023-02-09","56","8","7","33.84"
"2023-02-09","57","9","8","23.15"
"2023-02-09","58","8","7","48.1"
"2023-02-09","59","9","9","71.79"
"2023-02-09","60","9","8","66.34"
"2023-02-09","62","8","8","82.44"
"2023-02-09","64","7","7","55.29"
"2023-02-09","66","7","7","189.21"
"2023-02-09","67","7","6","34.13"
"2023-02-09","68","10","9","34.42"
"2023-02-09","69","11","9","21.8"
"2023-02-09","71","6","5","23.29"
"2023-02-09","73","10","8","7.41"
"2023-02-09","74","8","7","32.36"
"2023-02-09","75","8","7","34.44"
"2023-02-09","76","7","6","44.94"
"2023-02-09","79","8","7","51.84"
"2023-02-09","80","9","9","19.71"
"2023-02-09","81","7","6","25.42"
"2023-02-09","84","5","5","22.96"
"2023-02-09","85","8","7","28.36"
"2023-02-09","87","8","7","13.14"
"2023-02-09","88","8","7","21.77"
"2023-02-09","89","8","7","82.16"
"2023-02-09","90","8","7","8.39"
"2023-02-09","93","8","7","208.8"
"2023-02-09","95","7","6","30.04"
"2023-02-09","96","8","8","47.21"
"2023-02-09","98","6","5","19.64"
"2023-02-10","0","8","8","17.73"
"2023-02-10","1","8","7","16.91"
"2023-02-10","3","9","9","54.51"
"2023-02-10","5","8","7","58.57"
"2023-02-10","6","8","7","25.72"
"2023-02-10","12","8","7","52.71"
"2023-02-10","13","8","7","73.87"
"2023-02-10","14","7","6","36.7"
"2023-02-10","16","8","7","41.34"
"2023-02-10","17","8","6","20.02"
"2023-02-10","18","8","8","34.96"
"2023-02-10","19","7","6","14.79"
"2023-02-10","20","7","6","44.25"
"2023-02-10","21","7","6","21.05"
"2023-02-10","22","7","6","15.52"
"2023-02-10","25","10","9","29.86"
"2023-02-10","26","10","9","42.9"
"2023-02-10","28","9","7","53.85"
"2023-02-10","30","7","6","62.05"
"2023-02-10","31","7","7","44.33"
"2023-02-10","33","8","8","14.7"
"2023-02-10","34","10","8","54.4"
"2023-02-10","35","10","9","36.41"
"2023-02-10","36","8","8","174.35"
"2023-02-10","38","9","9","102.73"
"2023-02-10","39","7","6","34.28"
"2023-02-10","42","9","8","34.03"
"2023-02-10","44","9","8","50.71"
"2023-02-10","45","9","9","86.55"
"2023-02-10","46","7","7","42.15"
"2023-02-10","47","9","9","8.66"
"2023-02-10","48","6","6","22.66"
"2023-02-10","51","7","7","23.25"
"2023-02-10","55","7","7","17.64"
"2023-02-10","59","9","9","71.79"
"2023-02-10","60","7","6","66.34"
"2023-02-10","62","8","7","82.44"
"2023-02-10","65","9","9","56.35"
"2023-02-10","67","6","5","34.13"
"2023-02-10","72","8","8","24.67"
"2023-02-10","73","8","7","7.41"
"2023-02-10","74","9","8","32.36"
"2023-02-10","75","8","7","34.44"
"2023-02-10","76","9","8","44.94"
"2023-02-10","77","9","8","27.42"
"2023-02-10","80","7","6","19.71"
"2023-02-10","81","7","7","25.42"
"2023-02-10","82","10","9","31.67"
"2023-02-10","83","9","7","25.08"
"2023-02-10","84","9","9","22.96"
"2023-02-10","85","7","6","28.36"
"2023-02-10","86","7","6","30.99"
"2023-02-10","87","7","6","13.14"
"2023-02-10","89","8","8","82.16"
"2023-02-10","90","8","8","8.39"
"2023-02-10","92","9","8","82.34"
"2023-02-10","96","8","7","47.21"
"2023-02-10","99","9","8","66.91"
"2023-02-11","0","7","7","17.73"
"2023-02-11","2","11","10","44.54"
"2023-02-11","3","10","8","54.51"
"2023-02-11","5","7","6","58.57"
"2023-02-11","7","9","8","52.97"
"2023-02-11","8","8","7","48.51"
"2023-02-11","9","11","10","13.75"
"2023-02-11","11","11","10","25.8"
"2023-02-11","14","7","6","36.7"
"2023-02-11","15","8","6","39.5"
"2023-02-11","20","8","8","44.25"
"2023-02-11","23","8","8","24.04"
"2023-02-11","26","7","7","42.9"
"2023-02-11","27","8","7","24.23"
"2023-02-11","29","7","7","9.02"
"2023-02-11","34","9","9","54.4"
"2023-02-11","36","7","7","174.35"
"2023-02-11","38","9","9","102.73"
"2023-02-11","39","9","7","34.28"
"2023-02-11","40","8","7","13.84"
"2023-02-11","42","7","7","34.03"
"2023-02-11","44","7","6","50.71"
"2023-02-11","45","8","8","86.55"
"2023-02-11","47","9","9","8.66"
"2023-02-11","49","8","8","28.6"
"2023-02-11","51","8","8","23.25"
"2023-02-11","56","7","6","33.84"
"2023-02-11","57","10","10","23.15"
"2023-02-11","58","8","8","48.1"
"2023-02-11","60","9","8","66.34"
"2023-02-11","61","9","9","54.96"
"2023-02-11","63","8","7","88.16"
"2023-02-11","69","10","8","21.8"
"2023-02-11","70","9","9","20.85"
"2023-02-11","73","7","7","7.41"
"2023-02-11","75","6","5","34.44"
"2023-02-11","77","7","6","27.42"
"2023-02-11","78","9","8","28.78"
"2023-02-11","79","7","7","51.84"
"2023-02-11","81","9","9","25.42"
"2023-02-11","82","7","6","31.67"
"2023-02-11","84","8","8","22.96"
"2023-02-11","85","8","8","28.36"
"2023-02-11","87","9","9","13.14"
"2023-02-11","88","10","10","21.77"
"2023-02-11","89","8","7","82.16"
"2023-02-11","92","8","8","82.34"
"2023-02-11","93","9","8","208.8"
"2023-02-11","94","8","8","27.37"
"2023-02-11","95","9","8","30.04"
"2023-02-11","98","7","7","19.64"
"2023-02-11","99","6","6","66.91"
"2023-02-12","0","9","9","17.73"
"2023-02-12","3","11","9","54.51"
"2023-02-12","4","8","7","47.68"
"2023-02-12","7","8","7","52.97"
"2023-02-12","9","8","7","13.75"
"2023-02-12","10","8","8","16.08"
"2023-02-12","11","9","9","25.8"
"2023-02-12","12","8","8","52.71"
"2023-02-12","13","7","6","73.87"
"2023-02-12","14","9","7","36.7"
"2023-02-12","16","8","8","41.34"
"2023-02-12","19","10","10","14.79"
"2023-02-12","21","7","7","21.05"
"2023-02-12","22","9","8","15.52"
"2023-02-12","23","9","9","24.04"
"2023-02-12","24","7","6","18.98"
"2023-02-12","28","8","7","53.85"
"2023-02-12","31","8","7","44.33"
"2023-02-12","35","10","10","36.41"
"2023-02-12","42","10","9","34.03"
"2023-02-12","43","6","5","24.88"
"2023-02-12","45","8","8","86.55"
"2023-02-12","47","8","8","8.66"
"2023-02-12","48","8","7","22.66"
"2023-02-12","53","8","8","34.61"
"2023-02-12","54","8","7","19.39"
"2023-02-12","55","9","9","17.64"
"2023-02-12","56","8","7","33.84"
"2023-02-12","58","9","8","48.1"
"2023-02-12","60","7","6","66.34"
"2023-02-12","61","8","7","54.96"
"2023-02-12","62","8","7","82.44"
"2023-02-12","64","8","8","55.29"
"2023-02-12","65","9","8","56.35"
"2023-02-12","67","8","7","34.13"
"2023-02-12","68","8","7","34.42"
"2023-02-12","69","10","8","21.8"
"2023-02-12","73","10","9","7.41"
"2023-02-12","75","8","8","34.44"
"2023-02-12","76","10","10","44.94"
"2023-02-12","78","7","7","28.78"
"2023-02-12","80","6","5","19.71"
"2023-02-12","81","8","7","25.42"
"2023-02-12","82","8","7","31.67"
"2023-02-12","85","8","7","28.36"
"2023-02-12","94","10","10","27.37"
"2023-02-12","95","9","8","30.04"
"2023-02-12","96","9","8","47.21"
"2023-02-12","98","7","7","19.64"
"2023-02-13","0","8","8","17.73"
"2023-02-13","3","10","8","54.51"
"2023-02-13","5","8","7","58.57"
"2023-02-13","6","9","8","25.72"
"2023-02-13","8","8","7","48.51"
"2023-02-13","9","9","8","13.75"
"2023-02-13","11","27","25","25.8"
"2023-02-13","14","22","22","36.7"
"2023-02-13","17","9","8","20.02"
"2023-02-13","18","9","9","34.96"
"2023-02-13","19","8","7","14.79"
"2023-02-13","22","8","8","15.52"
"2023-02-13","23","6","5","24.04"
"2023-02-13","25","26","26","29.86"
"2023-02-13","27","18","17","24.23"
"2023-02-13","30","6","5","62.05"
"2023-02-13","31","8","6","44.33"
"2023-02-13","32","9","8","11.73"
"2023-02-13","33","10","9","14.7"
"2023-02-13","34","18","18","54.4"
"2023-02-13","36","7","6","174.35"
"2023-02-13","37","9","9","17.94"
"2023-02-13","38","23","19","102.73"
"2023-02-13","39","8","7","34.28"
"2023-02-13","40","8","7","13.84"
"2023-02-13","41","18","15","27.9"
"2023-02-13","43","19","16","24.88"
"2023-02-13","44","7","6","50.71"
"2023-02-13","48","20","18","22.66"
"2023-02-13","49","7","6","28.6"
"2023-02-13","50","8","8","15.6"
"2023-02-13","51","7","6","23.25"
"2023-02-13","52","9","9","52.21"
"2023-02-13","53","9","9","34.61"
"2023-02-13","54","8","8","19.39"
"2023-02-13","57","8","7","23.15"
"2023-02-13","58","16","14","48.1"
"2023-02-13","59","7","7","71.79"
"2023-02-13","61","18","17","54.96"
"2023-02-13","63","6","6","88.16"
"2023-02-13","65","20","19","56.35"
"2023-02-13","66","6","6","189.21"
"2023-02-13","68","10","10","34.42"
"2023-02-13","70","7","7","20.85"
"2023-02-13","71","8","7","23.29"
"2023-02-13","72","8","7","24.67"
"2023-02-13","73","8","6","7.41"
"2023-02-13","75","8","7","34.44"
"2023-02-13","76","19","15","44.94"
"2023-02-13","77","8","7","27.42"
"2023-02-13","79","7","6","51.84"
"2023-02-13","80","8","8","19.71"
"2023-02-13","83","20","19","25.08"
"2023-02-13","84","9","8","22.96"
"2023-02-13","86","7","6","30.99"
"2023-02-13","87","7","7","13.14"
"2023-02-13","88","9","8","21.77"
"2023-02-13","89","9","8","82.16"
"2023-02-13","90","17","17","8.39"
"2023-02-13","91","9","8","28.42"
"2023-02-13","92","9","9","82.34"
"2023-02-13","93","9","9","208.8"
"2023-02-13","94","19","16","27.37"
"2023-02-13","96","8","8","47.21"
"2023-02-13","97","8","8","18.37"
"2023-02-13","98","9","9","19.64"
"2023-02-14","0","7","6","17.73"
"2023-02-14","4","7","6","47.68"
"2023-02-14","5","9","8","58.57"
"2023-02-14","6","8","7","25.72"
"2023-02-14","9","9","8","13.75"
"2023-02-14","10","9","7","16.08"
"2023-02-14","12","7","6","52.71"
"2023-02-14","14","9","8","36.7"
"2023-02-14","17","9","8","20.02"
"2023-02-14","18","10","10","34.96"
"2023-02-14","21","9","8","21.05"
"2023-02-14","22","8","8","15.52"
"2023-02-14","23","10","9","24.04"
"2023-02-14","24","5","4","18.98"
"2023-02-14","25","11","9","29.86"
"2023-02-14","27","8","7","24.23"
"2023-02-14","28","7","6","53.85"
"2023-02-14","30","8","7","62.05"
"2023-02-14","32","7","6","11.73"
"2023-02-14","35","11","10","36.41"
"2023-02-14","36","9","9","174.35"
"2023-02-14","37","8","8","17.94"
"2023-02-14","39","10","9","34.28"
"2023-02-14","40","9","8","13.84"
"2023-02-14","41","7","7","27.9"
"2023-02-14","42","6","5","34.03"
"2023-02-14","43","7","7","24.88"
"2023-02-14","44","8","8","50.71"
"2023-02-14","45","8","8","86.55"
"2023-02-14","46","7","6","42.15"
"2023-02-14","47","8","7","8.66"
"2023-02-14","49","7","7","28.6"
"2023-02-14","51","7","7","23.25"
"2023-02-14","52","6","6","52.21"
"2023-02-14","53","8","7","34.61"
"2023-02-14","54","7","7","19.39"
"2023-02-14","55","6","5","17.64"
"2023-02-14","56","8","7","33.84"
"2023-02-14","58","9","9","48.1"
"2023-02-14","60","8","6","66.34"
"2023-02-14","61","8","7","54.96"
"2023-02-14","62","7","6","82.44"
"2023-02-14","63","7","7","88.16"
"2023-02-14","65","8","7","56.35"
"2023-02-14","66","7","6","189.21"
"2023-02-14","68","8","8","34.42"
"2023-02-14","69","8","8","21.8"
"2023-02-14","70","8","8","20.85"
"2023-02-14","72","7","7","24.67"
"2023-02-14","73","6","5","7.41"
"2023-02-14","75","9","8","34.44"
"2023-02-14","76","8","7","44.94"
"2023-02-14","77","8","7","27.42"
"2023-02-14","80","7","6","19.71"
"2023-02-14","81","9","9","25.42"
"2023-02-14","82","8","8","31.67"
"2023-02-14","84","10","8","22.96"
"2023-02-14","87","8","8","13.14"
"2023-02-14","91","9","9","28.42"
"2023-02-14","94","7","7","27.37"
"2023-02-14","96","9","9","47.21"
"2023-02-14","98","8","8","19.64"
"2023-02-14","99","8","7","66.91"
"2023-02-15","2","10","8","44.54"
"2023-02-15","4","9","9","47.68"
"2023-02-15","6","10","10","25.72"
"2023-02-15","8","7","7","48.51"
"2023-02-15","10","9","8","16.08"
"2023-02-15","15","9","8","39.5"
"2023-02-15","16","8","6","41.34"
"2023-02-15","17","8","8","20.02"
"2023-02-15","18","7","7","34.96"
"2023-02-15","19","9","9","14.79"
"2023-02-15","20","9","8","44.25"
"2023-02-15","22","8","7","15.52"
"2023-02-15","23","8","7","24.04"
"2023-02-15","24","9","8","18.98"
"2023-02-15","25","9","9","29.86"
"2023-02-15","26","7","6","42.9"
"2023-02-15","27","10","9","24.23"
"2023-02-15","28","8","7","53.85"
"2023-02-15","29","8","7","9.02"
"2023-02-15","30","7","6","62.05"
"2023-02-15","31","9","9","44.33"
"2023-02-15","33","9","8","14.7"
"2023-02-15","35","9","9","36.41"
"2023-02-15","37","8","8","17.94"
"2023-02-15","38","11","9","102.73"
"2023-02-15","39","8","7","34.28"
"2023-02-15","42","8","8","34.03"
"2023-02-15","43","9","9","24.88"
"2023-02-15","44","11","10","50.71"
"2023-02-15","45","6","5","86.55"
"2023-02-15","48","8","7","22.66"
"2023-02-15","49","8","7","28.6"
"2023-02-15","53","8","7","34.61"
"2023-02-15","54","10","9","19.39"
"2023-02-15","55","6","5","17.64"
"2023-02-15","56","9","7","33.84"
"2023-02-15","60","9","9","66.34"
"2023-02-15","62","7","6","82.44"
"2023-02-15","63","7","7","88.16"
"2023-02-15","64","8","7","55.29"
"2023-02-15","66","10","10","189.21"
"2023-02-15","68","10","10","34.42"
"2023-02-15","69","11","9","21.8"
"2023-02-15","70","8","8","20.85"
"2023-02-15","71","9","9","23.29"
"2023-02-15","74","11","10","32.36"
"2023-02-15","75","7","6","34.44"
"2023-02-15","76","8","7","44.94"
"2023-02-15","77","8","7","27.42"
"2023-02-15","78","8","7","28.78"
"2023-02-15","80","8","8","19.71"
"2023-02-15","83","9","9","25.08"
"2023-02-15","84","8","7","22.96"
"2023-02-15","86","8","6","30.99"
"2023-02-15","87","10","9","13.14"
"2023-02-15","88","10","9","21.77"
"2023-02-15","89","6","5","82.16"
"2023-02-15","90","9","9","8.39"
"2023-02-15","93","8","7","208.8"
"2023-02-15","94","7","7","27.37"
"2023-02-15","95","10","9","30.04"
"2023-02-15","97","8","8","18.37"
"2023-02-15","99","9","9","66.91"
"2023-02-16","0","7","6","17.73"
"2023-02-16","3","11","10","54.51"
"2023-02-16","4","10","8","47.68"
"2023-02-16","8","7","6","48.51"
"2023-02-16","11","9","9","25.8"
"2023-02-16","12","7","7","52.71"
"2023-02-16","13","7","6","73.87"
"2023-02-16","15","8","8","39.5"
"2023-02-16","17","11","10","20.02"
"2023-02-16","21","8","7","21.05"
"2023-02-16","22","7","6","15.52"
"2023-02-16","24","7","7","18.98"
"2023-02-16","25","8","7","29.86"
"2023-02-16","28","8","7","53.85"
"2023-02-16","30","7","6","62.05"
"2023-02-16","32","9","8","11.73"
"2023-02-16","33","10","10","14.7"
"2023-02-16","34","9","9","54.4"
"2023-02-16","35","8","8","36.41"
"2023-02-16","36","7","7","174.35"
"2023-02-16","37","8","7","17.94"
"2023-02-16","38","10","9","102.73"
"2023-02-16","39","9","8","34.28"
"2023-02-16","41","9","8","27.9"
"2023-02-16","42","9","8","34.03"
"2023-02-16","44","8","7","50.71"
"2023-02-16","45","8","8","86.55"
"2023-02-16","47","7","6","8.66"
"2023-02-16","49","8","6","28.6"
"2023-02-16","50","8","8","15.6"
"2023-02-16","51","8","8","23.25"
"2023-02-16","52","9","8","52.21"
"2023-02-16","53","9","7","34.61"
"2023-02-16","55","8","7","17.64"
"2023-02-16","56","8","7","33.84"
"2023-02-16","57","8","8","23.15"
"2023-02-16","58","6","6","48.1"
"2023-02-16","59","9","8","71.79"
"2023-02-16","60","6","6","66.34"
"2023-02-16","63","8","7","88.16"
"2023-02-16","64","8","8","55.29"
"2023-02-16","65","9","8","56.35"
"2023-02-16","66","9","8","189.21"
"2023-02-16","67","8","7","34.13"
"2023-02-16","70","11","10","20.85"
"2023-02-16","71","7","6","23.29"
"2023-02-16","72","8","6","24.67"
"2023-02-16","75","7","6","34.44"
"2023-02-16","76","7","6","44.94"
"2023-02-16","77","8","7","27.42"
"2023-02-16","81","6","5","25.42"
"2023-02-16","82","7","6","31.67"
"2023-02-16","83","7","6","25.08"
"2023-02-16","84","8","7","22.96"
"2023-02-16","86","7","6","30.99"
"2023-02-16","87","8","8","13.14"
"2023-02-16","88","7","6","21.77"
"2023-02-16","90","8","7","8.39"
"2023-02-16","91","8","8","28.42"
"2023-02-16","92","8","8","82.34"
"2023-02-16","93","8","7","208.8"
"2023-02-16","94","9","9","27.37"
"2023-02-16","95","9","9","30.04"
"2023-02-16","96","11","10","47.21"
"2023-02-16","97","8","7","18.37"
"2023-02-16","98","10","9","19.64"
"2023-02-17","1","8","7","16.91"
"2023-02-17","2","8","8","44.54"
"2023-02-17","3","11","10","54.51"
"2023-02-17","4","8","7","47.68"
"2023-02-17","5","7","6","58.57"
"2023-02-17","6","11","11","25.72"
"2023-02-17","11","10","10","25.8"
"2023-02-17","13","7","6","73.87"
"2023-02-17","14","9","7","36.7"
"2023-02-17","15","9","8","39.5"
"2023-02-17","17","7","6","20.02"
"2023-02-17","20","10","9","44.25"
"2023-02-17","26","10","10","42.9"
"2023-02-17","27","8","8","24.23"
"2023-02-17","28","8","7","53.85"
"2023-02-17","29","9","7","9.02"
"2023-02-17","30","7","6","62.05"
"2023-02-17","32","7","6","11.73"
"2023-02-17","34","9","7","54.4"
"2023-02-17","36","7","6","174.35"
"2023-02-17","39","8","7","34.28"
"2023-02-17","41","8","8","27.9"
"2023-02-17","44","9","7","50.71"
"2023-02-17","45","8","7","86.55"
"2023-02-17","46","9","9","42.15"
"2023-02-17","47","9","7","8.66"
"2023-02-17","48","6","5","22.66"
"2023-02-17","50","9","9","15.6"
"2023-02-17","54","9","8","19.39"
"2023-02-17","55","10","9","17.64"
"2023-02-17","57","8","7","23.15"
"2023-02-17","58","7","6","48.1"
"2023-02-17","61","7","6","54.96"
"2023-02-17","62","7","6","82.44"
"2023-02-17","63","9","9","88.16"
"2023-02-17","64","9","8","55.29"
"2023-02-17","65","8","7","56.35"
"2023-02-17","68","9","7","34.42"
"2023-02-17","70","8","8","20.85"
"2023-02-17","71","9","8","23.29"
"2023-02-17","73","10","9","7.41"
"2023-02-17","74","10","8","32.36"
"2023-02-17","75","7","7","34.44"
"2023-02-17","76","6","6","44.94"
"2023-02-17","78","9","8","28.78"
"2023-02-17","81","9","8","25.42"
"2023-02-17","82","9","8","31.67"
"2023-02-17","83","9","7","25.08"
"2023-02-17","85","8","7","28.36"
"2023-02-17","86","9","8","30.99"
"2023-02-17","89","8","7","82.16"
"2023-02-17","90","9","9","8.39"
"2023-02-17","91","7","7","28.42"
"2023-02-17","92","8","7","82.34"
"2023-02-17","94","9","8","27.37"
"2023-02-17","96","11","9","47.21"
"2023-02-17","97","7","6","18.37"
"2023-02-17","98","7","6","19.64"
"2023-02-18","3","11","11","54.51"
"2023-02-18","5","8","8","58.57"
"2023-02-18","6","10","8","25.72"
"2023-02-18","9","9","8","13.75"
"2023-02-18","10","9","8","16.08"
"2023-02-18","12","8","7","52.71"
"2023-02-18","13","10","9","73.87"
"2023-02-18","16","7","6","41.34"
"2023-02-18","17","7","6","20.02"
"2023-02-18","19","7","6","14.79"
"2023-02-18","20","9","7","44.25"
"2023-02-18","21","9","7","21.05"
"2023-02-18","22","8","8","15.52"
"2023-02-18","26","9","9","42.9"
"2023-02-18","27","8","8","24.23"
"2023-02-18","30","8","7","62.05"
"2023-02-18","32","9","9","11.73"
"2023-02-18","33","8","6","14.7"
"2023-02-18","35","8","8","36.41"
"2023-02-18","36","7","6","174.35"
"2023-02-18","37","8","7","17.94"
"2023-02-18","38","8","6","102.73"
"2023-02-18","43","10","9","24.88"
"2023-02-18","46","8","7","42.15"
"2023-02-18","47","8","7","8.66"
"2023-02-18","48","6","6","22.66"
"2023-02-18","49","9","8","28.6"
"2023-02-18","51","8","8","23.25"
"2023-02-18","53","8","6","34.61"
"2023-02-18","54","9","7","19.39"
"2023-02-18","55","7","7","17.64"
"2023-02-18","57","8","7","23.15"
"2023-02-18","58","9","9","48.1"
"2023-02-18","60","10","8","66.34"
"2023-02-18","62","9","7","82.44"
"2023-02-18","63","11","9","88.16"
"2023-02-18","66","6","5","189.21"
"2023-02-18","67","8","7","34.13"
"2023-02-18","68","9","8","34.42"
"2023-02-18","69","9","9","21.8"
"2023-02-18","70","6","6","20.85"
"2023-02-18","71","6","6","23.29"
"2023-02-18","73","8","7","7.41"
"2023-02-18","80","9","8","19.71"
"2023-02-18","82","8","7","31.67"
"2023-02-18","89","7","7","82.16"
"2023-02-18","90","5","4","8.39"
"2023-02-18","94","11","10","27.37"
"2023-02-18","95","7","7","30.04"
"2023-02-18","96","7","7","47.21"
"2023-02-18","98","8","8","19.64"
"2023-02-18","99","7","6","66.91"
"2023-02-19","0","9","9","17.73"
"2023-02-19","1","7","7","16.91"
"2023-02-19","2","10","10","44.54"
"2023-02-19","3","9","8","54.51"
"2023-02-19","5","8","7","58.57"
"2023-02-19","8","9","8","48.51"
"2023-02-19","9","10","8","13.75"
"2023-02-19","12","9","7","52.71"
"2023-02-19","13","7","6","73.87"
"2023-02-19","14","9","8","36.7"
"2023-02-19","16","7","6","41.34"
"2023-02-19","21","9","8","21.05"
"2023-02-19","22","9","7","15.52"
"2023-02-19","26","9","8","42.9"
"2023-02-19","28","11","10","53.85"
"2023-02-19","29","7","7","9.02"
"2023-02-19","30","9","8","62.05"
"2023-02-19","31","9","8","44.33"
"2023-02-19","32","8","7","11.73"
"2023-02-19","34","8","7","54.4"
"2023-02-19","35","10","10","36.41"
"2023-02-19","37","9","9","17.94"
"2023-02-19","42","8","7","34.03"
"2023-02-19","44","7","7","50.71"
"2023-02-19","45","8","8","86.55"
"2023-02-19","46","9","8","42.15"
"2023-02-19","48","7","6","22.66"
"2023-02-19","50","8","7","15.6"
"2023-02-19","51","8","7","23.25"
"2023-02-19","52","9","8","52.21"
"2023-02-19","53","9","9","34.61"
"2023-02-19","54","8","7","19.39"
"2023-02-19","55","8","7","17.64"
"2023-02-19","57","4","4","23.15"
"2023-02-19","62","6","5","82.44"
"2023-02-19","63","9","8","88.16"
"2023-02-19","67","9","9","34.13"
"2023-02-19","68","9","8","34.42"
"2023-02-19","70","9","8","20.85"
"2023-02-19","72","8","7","24.67"
"2023-02-19","76","7","6","44.94"
"2023-02-19","78","9","7","28.78"
"2023-02-19","79","8","7","51.84"
"2023-02-19","81","7","6","25.42"
"2023-02-19","86","7","6","30.99"
"2023-02-19","88","7","6","21.77"
"2023-02-19","92","10","8","82.34"
"2023-02-19","93","8","8","208.8"
"2023-02-19","97","7","7","18.37"
"2023-02-20","0","8","8","17.73"
"2023-02-20","2","7","7","44.54"
"2023-02-20","4","10","9","47.68"
"2023-02-20","5","8","7","58.57"
"2023-02-20","6","8","7","25.72"
"2023-02-20","7","6","5","52.97"
"2023-02-20","9","8","7","13.75"
"2023-02-20","10","8","7","16.08"
"2023-02-20","11","22","19","25.8"
"2023-02-20","12","9","8","52.71"
"2023-02-20","13","9","8","73.87"
"2023-02-20","14","22","21","36.7"
"2023-02-20","16","8","7","41.34"
"2023-02-20","17","10","9","20.02"
"2023-02-20","19","7","6","14.79"
"2023-02-20","20","8","8","44.25"
"2023-02-20","21","7","7","21.05"
"2023-02-20","23","8","7","24.04"
"2023-02-20","27","20","16","24.23"
"2023-02-20","29","8","8","9.02"
"2023-02-20","31","7","7","44.33"
"2023-02-20","33","8","7","14.7"
"2023-02-20","34","20","19","54.4"
"2023-02-20","36","10","9","174.35"
"2023-02-20","37","9","8","17.94"
"2023-02-20","38","17","14","102.73"
"2023-02-20","39","8","7","34.28"
"2023-02-20","41","22","21","27.9"
"2023-02-20","42","6","6","34.03"
"2023-02-20","43","20","19","24.88"
"2023-02-20","44","8","8","50.71"
"2023-02-20","47","8","7","8.66"
"2023-02-20","48","20","17","22.66"
"2023-02-20","50","7","6","15.6"
"2023-02-20","51","7","7","23.25"
"2023-02-20","52","8","7","52.21"
"2023-02-20","53","9","8","34.61"
"2023-02-20","54","8","8","19.39"
"2023-02-20","55","8","7","17.64"
"2023-02-20","56","7","6","33.84"
"2023-02-20","58","21","20","48.1"
"2023-02-20","59","8","8","71.79"
"2023-02-20","60","7","6","66.34"
"2023-02-20","61","23","20","54.96"
"2023-02-20","62","10","9","82.44"
"2023-02-20","63","7","6","88.16"
"2023-02-20","65","18","16","56.35"
"2023-02-20","67","6","6","34.13"
"2023-02-20","69","9","8","21.8"
"2023-02-20","70","8","7","20.85"
"2023-02-20","71","8","7","23.29"
"2023-02-20","72","7","6","24.67"
"2023-02-20","73","7","6","7.41"
"2023-02-20","75","8","7","34.44"
"2023-02-20","76","19","19","44.94"
"2023-02-20","77","7","6","27.42"
"2023-02-20","80","7","7","19.71"
"2023-02-20","83","22","18","25.08"
"2023-02-20","84","19","16","22.96"
"2023-02-20","86","6","5","30.99"
"2023-02-20","90","20","17","8.39"
"2023-02-20","93","8","7","208.8"
"2023-02-20","94","18","15","27.37"
"2023-02-20","95","7","6","30.04"
"2023-02-20","97","7","6","18.37"
"2023-02-20","99","8","7","66.91"
"2023-02-21","0","5","5","17.73"
"2023-02-21","1","7","6","16.91"
"2023-02-21","2","9","8","44.54"
"2023-02-21","3","10","10","54.51"
"2023-02-21","4","8","7","47.68"
"2023-02-21","7","9","8","52.97"
"2023-02-21","8","9","8","48.51"
"2023-02-21","9","10","9","13.75"
"2023-02-21","13","8","8","73.87"
"2023-02-21","14","11","9","36.7"
"2023-02-21","15","9","9","39.5"
"2023-02-21","16","8","7","41.34"
"2023-02-21","19","8","7","14.79"
"2023-02-21","21","10","10","21.05"
"2023-02-21","23","8","8","24.04"
"2023-02-21","24","7","7","18.98"
"2023-02-21","25","9","9","29.86"
"2023-02-21","28","8","8","53.85"
"2023-02-21","29","9","8","9.02"
"2023-02-21","31","8","7","44.33"
"2023-02-21","32","8","7","11.73"
"2023-02-21","33","7","6","14.7"
"2023-02-21","35","8","8","36.41"
"2023-02-21","36","8","7","174.35"
"2023-02-21","38","9","8","102.73"
"2023-02-21","39","7","6","34.28"
"2023-02-21","41","9","8","27.9"
"2023-02-21","42","7","6","34.03"
"2023-02-21","43","9","8","24.88"
"2023-02-21","44","7","6","50.71"
"2023-02-21","46","8","7","42.15"
"2023-02-21","47","8","7","8.66"
"2023-02-21","48","8","7","22.66"
"2023-02-21","50","6","6","15.6"
"2023-02-21","51","9","9","23.25"
"2023-02-21","52","6","5","52.21"
"2023-02-21","53","8","8","34.61"
"2023-02-21","54","8","7","19.39"
"2023-02-21","55","9","8","17.64"
"2023-02-21","58","7","7","48.1"
"2023-02-21","59","7","7","71.79"
"2023-02-21","60","10","9","66.34"
"2023-02-21","64","8","8","55.29"
"2023-02-21","66","8","7","189.21"
"2023-02-21","68","11","11","34.42"
"2023-02-21","71","8","7","23.29"
"2023-02-21","73","7","7","7.41"
"2023-02-21","74","8","7","32.36"
"2023-02-21","76","8","7","44.94"
"2023-02-21","77","9","8","27.42"
"2023-02-21","78","8","7","28.78"
"2023-02-21","79","9","8","51.84"
"2023-02-21","80","8","7","19.71"
"2023-02-21","82","7","6","31.67"
"2023-02-21","83","8","7","25.08"
"2023-02-21","86","8","7","30.99"
"2023-02-21","87","9","9","13.14"
"2023-02-21","89","8","6","82.16"
"2023-02-21","91","9","8","28.42"
"2023-02-21","92","9","8","82.34"
"2023-02-21","93","8","8","208.8"
"2023-02-21","95","8","8","30.04"
"2023-02-21","96","11","9","47.21"
"2023-02-21","98","10","10","19.64"
"2023-02-22","0","7","6","17.73"
"2023-02-22","3","8","7","54.51"
"2023-02-22","4","9","8","47.68"
"2023-02-22","5","7","6","58.57"
"2023-02-22","10","8","7","16.08"
"2023-02-22","11","9","9","25.8"
"2023-02-22","13","7","6","73.87"
"2023-02-22","16","9","9","41.34"
"2023-02-22","17","8","8","20.02"
"2023-02-22","18","8","8","34.96"
"2023-02-22","19","9","9","14.79"
"2023-02-22","20","8","8","44.25"
"2023-02-22","23","7","6","24.04"
"2023-02-22","24","7","6","18.98"
"2023-02-22","25","10","10","29.86"
"2023-02-22","26","10","9","42.9"
"2023-02-22","28","8","8","53.85"
"2023-02-22","30","7","6","62.05"
"2023-02-22","31","8","7","44.33"
"2023-02-22","32","8","8","11.73"
"2023-02-22","34","8","8","54.4"
"2023-02-22","35","8","7","36.41"
"2023-02-22","36","8","7","174.35"
"2023-02-22","37","7","7","17.94"
"2023-02-22","38","8","8","102.73"
"2023-02-22","44","6","5","50.71"
"2023-02-22","46","9","8","42.15"
"2023-02-22","50","7","7","15.6"
"2023-02-22","51","9","8","23.25"
"2023-02-22","52","8","7","52.21"
"2023-02-22","53","9","8","34.61"
"2023-02-22","54","8","8","19.39"
"2023-02-22","55","9","9","17.64"
"2023-02-22","57","7","7","23.15"
"2023-02-22","58","9","8","48.1"
"2023-02-22","59","9","8","71.79"
"2023-02-22","64","8","8","55.29"
"2023-02-22","65","9","8","56.35"
"2023-02-22","66","9","8","189.21"
"2023-02-22","67","8","7","34.13"
"2023-02-22","68","10","8","34.42"
"2023-02-22","69","9","8","21.8"
"2023-02-22","70","10","8","20.85"
"2023-02-22","71","6","6","23.29"
"2023-02-22","72","8","7","24.67"
"2023-02-22","73","8","8","7.41"
"2023-02-22","75","9","9","34.44"
"2023-02-22","76","7","7","44.94"
"2023-02-22","77","9","9","27.42"
"2023-02-22","79","7","7","51.84"
"2023-02-22","81","8","7","25.42"
"2023-02-22","82","7","7","31.67"
"2023-02-22","83","9","8","25.08"
"2023-02-22","84","9","8","22.96"
"2023-02-22","85","8","7","28.36"
"2023-02-22","87","7","7","13.14"
"2023-02-22","89","9","7","82.16"
"2023-02-22","90","9","9","8.39"
"2023-02-22","91","8","6","28.42"
"2023-02-22","92","7","6","82.34"
"2023-02-22","93","6","6","208.8"
"2023-02-22","96","10","9","47.21"
"2023-02-22","97","10","9","18.37"
"2023-02-22","98","7","6","19.64"
"2023-02-23","2","10","8","44.54"
"2023-02-23","3","12","11","54.51"
"2023-02-23","4","10","9","47.68"
"2023-02-23","5","9","9","58.57"
"2023-02-23","6","10","8","25.72"
"2023-02-23","7","8","7","52.97"
"2023-02-23","9","10","9","13.75"
"2023-02-23","10","10","8","16.08"
"2023-02-23","11","9","8","25.8"
"2023-02-23","12","8","6","52.71"
"2023-02-23","13","7","6","73.87"
"2023-02-23","18","7","6","34.96"
"2023-02-23","19","9","9","14.79"
"2023-02-23","21","7","6","21.05"
"2023-02-23","22","7","6","15.52"
"2023-02-23","23","8","8","24.04"
"2023-02-23","24","8","7","18.98"
"2023-02-23","26","11","9","42.9"
"2023-02-23","27","7","6","24.23"
"2023-02-23","28","8","7","53.85"
"2023-02-23","29","9","8","9.02"
"2023-02-23","30","9","8","62.05"
"2023-02-23","31","7","7","44.33"
"2023-02-23","33","8","8","14.7"
"2023-02-23","35","10","9","36.41"
"2023-02-23","38","8","7","102.73"
"2023-02-23","39","8","6","34.28"
"2023-02-23","40","9","7","13.84"
"2023-02-23","43","9","8","24.88"
"2023-02-23","44","9","8","50.71"
"2023-02-23","45","8","6","86.55"
"2023-02-23","47","8","7","8.66"
"2023-02-23","48","8","7","22.66"
"2023-02-23","49","9","9","28.6"
"2023-02-23","50","7","6","15.6"
"2023-02-23","51","8","7","23.25"
"2023-02-23","52","9","9","52.21"
"2023-02-23","53","9","8","34.61"
"2023-02-23","56","6","5","33.84"
"2023-02-23","57","6","6","23.15"
"2023-02-23","59","9","9","71.79"
"2023-02-23","61","9","8","54.96"
"2023-02-23","62","8","8","82.44"
"2023-02-23","65","8","8","56.35"
"2023-02-23","66","6","6","189.21"
"2023-02-23","67","9","8","34.13"
"2023-02-23","69","10","9","21.8"
"2023-02-23","70","7","7","20.85"
"2023-02-23","71","8","8","23.29"
"2023-02-23","73","7","6","7.41"
"2023-02-23","75","10","10","34.44"
"2023-02-23","76","8","7","44.94"
"2023-02-23","78","7","7","28.78"
"2023-02-23","79","7","6","51.84"
"2023-02-23","80","8","7","19.71"
"2023-02-23","81","7","7","25.42"
"2023-02-23","82","8","7","31.67"
"2023-02-23","83","8","7","25.08"
"2023-02-23","84","8","7","22.96"
"2023-02-23","85","8","7","28.36"
"2023-02-23","87","7","6","13.14"
"2023-02-23","89","8","7","82.16"
"2023-02-23","92","9","7","82.34"
"2023-02-23","93","9","8","208.8"
"2023-02-23","94","6","5","27.37"
"2023-02-23","98","7","6","19.64"
"2023-02-23","99","8","7","66.91"
"2023-02-24","0","8","7","17.73"
"2023-02-24","1","9","9","16.91"
"2023-02-24","2","7","6","44.54"
"2023-02-24","3","10","9","54.51"
"2023-02-24","5","7","6","58.57"
"2023-02-24","7","10","9","52.97"
"2023-02-24","8","7","7","48.51"
"2023-02-24","9","9","9","13.75"
"2023-02-24","12","9","8","52.71"
"2023-02-24","15","8","7","39.5"
"2023-02-24","18","8","7","34.96"
"2023-02-24","19","7","6","14.79"
"2023-02-24","20","7","6","44.25"
"2023-02-24","21","9","8","21.05"
"2023-02-24","24","7","6","18.98"
"2023-02-24","28","9","7","53.85"
"2023-02-24","30","8","7","62.05"
"2023-02-24","33","8","7","14.7"
"2023-02-24","35","8","7","36.41"
"2023-02-24","36","7","6","174.35"
"2023-02-24","38","7","6","102.73"
"2023-02-24","39","10","9","34.28"
"2023-02-24","43","9","8","24.88"
"2023-02-24","44","9","8","50.71"
"2023-02-24","46","9","7","42.15"
"2023-02-24","48","8","7","22.66"
"2023-02-24","55","8","7","17.64"
"2023-02-24","56","7","6","33.84"
"2023-02-24","58","9","8","48.1"
"2023-02-24","60","9","7","66.34"
"2023-02-24","62","8","7","82.44"
"2023-02-24","63","8","7","88.16"
"2023-02-24","64","8","8","55.29"
"2023-02-24","65","9","9","56.35"
"2023-02-24","66","6","5","189.21"
"2023-02-24","67","7","7","34.13"
"2023-02-24","70","7","7","20.85"
"2023-02-24","72","8","6","24.67"
"2023-02-24","74","8","7","32.36"
"2023-02-24","75","8","8","34.44"
"2023-02-24","77","8","8","27.42"
"2023-02-24","79","9","8","51.84"
"2023-02-24","80","9","7","19.71"
"2023-02-24","82","7","6","31.67"
"2023-02-24","84","8","7","22.96"
"2023-02-24","86","9","8","30.99"
"2023-02-24","87","8","7","13.14"
"2023-02-24","88","10","9","21.77"
"2023-02-24","89","6","5","82.16"
"2023-02-24","90","8","8","8.39"
"2023-02-24","91","7","7","28.42"
"2023-02-24","92","11","10","82.34"
"2023-02-24","93","9","9","208.8"
"2023-02-24","94","8","7","27.37"
"2023-02-24","95","11","10","30.04"
"2023-02-24","97","9","8","18.37"
"2023-02-24","98","6","5","19.64"
"2023-02-24","99","9","9","66.91"
"2023-02-25","0","9","9","17.73"
"2023-02-25","2","11","10","44.54"
"2023-02-25","3","11","10","54.51"
"2023-02-25","5","6","5","58.57"
"2023-02-25","6","9","8","25.72"
"2023-02-25","7","8","7","52.97"
"2023-02-25","8","9","8","48.51"
"2023-02-25","9","10","9","13.75"
"2023-02-25","11","10","9","25.8"
"2023-02-25","13","9","7","73.87"
"2023-02-25","14","9","8","36.7"
"2023-02-25","16","8","6","41.34"
"2023-02-25","17","7","6","20.02"
"2023-02-25","19","8","8","14.79"
"2023-02-25","20","9","8","44.25"
"2023-02-25","21","9","8","21.05"
"2023-02-25","24","9","8","18.98"
"2023-02-25","25","10","9","29.86"
"2023-02-25","26","10","8","42.9"
"2023-02-25","30","10","9","62.05"
"2023-02-25","31","7","6","44.33"
"2023-02-25","32","7","6","11.73"
"2023-02-25","34","9","8","54.4"
"2023-02-25","37","7","6","17.94"
"2023-02-25","38","8","8","102.73"
"2023-02-25","40","10","8","13.84"
"2023-02-25","41","9","8","27.9"
"2023-02-25","42","9","8","34.03"
"2023-02-25","46","8","7","42.15"
"2023-02-25","47","9","9","8.66"
"2023-02-25","53","8","7","34.61"
"2023-02-25","54","7","6","19.39"
"2023-02-25","59","8","7","71.79"
"2023-02-25","61","8","8","54.96"
"2023-02-25","64","9","8","55.29"
"2023-02-25","65","9","7","56.35"
"2023-02-25","68","11","11","34.42"
"2023-02-25","69","11","9","21.8"
"2023-02-25","70","9","7","20.85"
"2023-02-25","72","9","8","24.67"
"2023-02-25","73","10","8","7.41"
"2023-02-25","77","7","7","27.42"
"2023-02-25","78","8","8","28.78"
"2023-02-25","79","8","7","51.84"
"2023-02-25","80","7","6","19.71"
"2023-02-25","81","7","6","25.42"
"2023-02-25","84","7","7","22.96"
"2023-02-25","85","11","9","28.36"
"2023-02-25","86","7","7","30.99"
"2023-02-25","87","8","8","13.14"
"2023-02-25","89","8","8","82.16"
"2023-02-25","91","9","7","28.42"
"2023-02-26","0","9","8","17.73"
"2023-02-26","3","9","9","54.51"
"2023-02-26","6","9","9","25.72"
"2023-02-26","10","7","7","16.08"
"2023-02-26","13","8","8","73.87"
"2023-02-26","14","7","6","36.7"
"2023-02-26","15","10","8","39.5"
"2023-02-26","17","9","9","20.02"
"2023-02-26","18","8","7","34.96"
"2023-02-26","19","9","9","14.79"
"2023-02-26","20","9","9","44.25"
"2023-02-26","21","6","5","21.05"
"2023-02-26","23","7","7","24.04"
"2023-02-26","24","7","6","18.98"
"2023-02-26","25","10","9","29.86"
"2023-02-26","27","7","7","24.23"
"2023-02-26","28","11","10","53.85"
"2023-02-26","30","7","7","62.05"
"2023-02-26","32","8","7","11.73"
"2023-02-26","33","7","6","14.7"
"2023-02-26","34","8","8","54.4"
"2023-02-26","35","11","9","36.41"
"2023-02-26","37","6","5","17.94"
"2023-02-26","40","8","8","13.84"
"2023-02-26","42","9","8","34.03"
"2023-02-26","43","6","5","24.88"
"2023-02-26","44","9","7","50.71"
"2023-02-26","46","7","6","42.15"
"2023-02-26","47","8","8","8.66"
"2023-02-26","50","9","8","15.6"
"2023-02-26","51","9","7","23.25"
"2023-02-26","52","7","6","52.21"
"2023-02-26","55","7","6","17.64"
"2023-02-26","57","8","8","23.15"
"2023-02-26","59","8","7","71.79"
"2023-02-26","61","9","8","54.96"
"2023-02-26","62","10","10","82.44"
"2023-02-26","63","10","10","88.16"
"2023-02-26","67","10","9","34.13"
"2023-02-26","72","8","7","24.67"
"2023-02-26","74","8","8","32.36"
"2023-02-26","80","7","6","19.71"
"2023-02-26","82","8","7","31.67"
"2023-02-26","86","7","6","30.99"
"2023-02-26","90","9","8","8.39"
"2023-02-26","92","10","8","82.34"
"2023-02-26","93","8","7","208.8"
"2023-02-26","94","7","6","27.37"
"2023-02-26","99","8","7","66.91"
"2023-02-27","3","10","10","54.51"
"2023-02-27","4","11","10","47.68"
"2023-02-27","7","7","6","52.97"
"2023-02-27","10","8","8","16.08"
"2023-02-27","11","25","23","25.8"
"2023-02-27","13","8","7","73.87"
"2023-02-27","14","21","17","36.7"
"2023-02-27","16","8","8","41.34"
"2023-02-27","18","10","10","34.96"
"2023-02-27","20","8","8","44.25"
"2023-02-27","21","8","6","21.05"
"2023-02-27","22","8","6","15.52"
"2023-02-27","23","8","8","24.04"
"2023-02-27","25","9","9","29.86"
"2023-02-27","26","11","10","42.9"
"2023-02-27","27","20","18","24.23"
"2023-02-27","28","8","7","53.85"
"2023-02-27","29","9","9","9.02"
"2023-02-27","31","10","8","44.33"
"2023-02-27","32","8","7","11.73"
"2023-02-27","34","21","17","54.4"
"2023-02-27","35","10","9","36.41"
"2023-02-27","38","20","18","102.73"
"2023-02-27","41","23","19","27.9"
"2023-02-27","42","6","6","34.03"
"2023-02-27","43","8","7","24.88"
"2023-02-27","44","11","9","50.71"
"2023-02-27","46","8","7","42.15"
"2023-02-27","47","8","6","8.66"
"2023-02-27","48","20","19","22.66"
"2023-02-27","49","8","7","28.6"
"2023-02-27","50","7","7","15.6"
"2023-02-27","51","7","6","23.25"
"2023-02-27","53","8","8","34.61"
"2023-02-27","54","8","7","19.39"
"2023-02-27","56","8","8","33.84"
"2023-02-27","58","20","17","48.1"
"2023-02-27","61","19","18","54.96"
"2023-02-27","62","11","9","82.44"
"2023-02-27","64","9","9","55.29"
"2023-02-27","65","21","20","56.35"
"2023-02-27","66","8","7","189.21"
"2023-02-27","67","8","8","34.13"
"2023-02-27","68","11","11","34.42"
"2023-02-27","69","9","9","21.8"
"2023-02-27","70","23","21","20.85"
"2023-02-27","71","10","9","23.29"
"2023-02-27","72","10","9","24.67"
"2023-02-27","74","8","8","32.36"
"2023-02-27","75","8","7","34.44"
"2023-02-27","76","23","22","44.94"
"2023-02-27","77","8","7","27.42"
"2023-02-27","78","7","6","28.78"
"2023-02-27","79","9","8","51.84"
"2023-02-27","80","8","8","19.71"
"2023-02-27","81","8","8","25.42"
"2023-02-27","82","9","9","31.67"
"2023-02-27","83","21","17","25.08"
"2023-02-27","84","19","17","22.96"
"2023-02-27","87","10","8","13.14"
"2023-02-27","88","6","5","21.77"
"2023-02-27","90","18","17","8.39"
"2023-02-27","92","7","6","82.34"
"2023-02-27","93","8","7","208.8"
"2023-02-27","94","18","16","27.37"
"2023-02-27","97","9","8","18.37"
"2023-02-27","98","7","6","19.64"
"2023-02-28","1","9","9","16.91"
"2023-02-28","2","8","8","44.54"
"2023-02-28","4","11","11","47.68"
"2023-02-28","5","9","9","58.57"
"2023-02-28","7","8","7","52.97"
"2023-02-28","8","8","7","48.51"
"2023-02-28","9","10","9","13.75"
"2023-02-28","10","9","8","16.08"
"2023-02-28","11","9","7","25.8"
"2023-02-28","12","9","9","52.71"
"2023-02-28","14","8","7","36.7"
"2023-02-28","15","8","6","39.5"
"2023-02-28","17","10","9","20.02"
"2023-02-28","19","7","7","14.79"
"2023-02-28","21","7","7","21.05"
"2023-02-28","22","8","7","15.52"
"2023-02-28","23","11","9","24.04"
"2023-02-28","24","9","9","18.98"
"2023-02-28","30","7","6","62.05"
"2023-02-28","31","8","7","44.33"
"2023-02-28","32","7","6","11.73"
"2023-02-28","34","9","8","54.4"
"2023-02-28","35","10","10","36.41"
"2023-02-28","36","9","7","174.35"
"2023-02-28","37","8","7","17.94"
"2023-02-28","38","8","7","102.73"
"2023-02-28","42","9","7","34.03"
"2023-02-28","44","9","9","50.71"
"2023-02-28","45","8","7","86.55"
"2023-02-28","46","10","8","42.15"
"2023-02-28","47","8","8","8.66"
"2023-02-28","49","9","7","28.6"
"2023-02-28","51","9","9","23.25"
"2023-02-28","53","9","8","34.61"
"2023-02-28","55","9","8","17.64"
"2023-02-28","56","9","9","33.84"
"2023-02-28","58","9","9","48.1"
"2023-02-28","59","7","7","71.79"
"2023-02-28","60","9","8","66.34"
"2023-02-28","61","9","8","54.96"
"2023-02-28","63","8","8","88.16"
"2023-02-28","64","8","7","55.29"
"2023-02-28","65","8","7","56.35"
"2023-02-28","66","10","8","189.21"
"2023-02-28","67","8","6","34.13"
"2023-02-28","68","11","9","34.42"
"2023-02-28","70","8","7","20.85"
"2023-02-28","71","8","8","23.29"
"2023-02-28","72","7","7","24.67"
"2023-02-28","73","9","9","7.41"
"2023-02-28","74","9","8","32.36"
"2023-02-28","76","7","7","44.94"
"2023-02-28","77","8","8","27.42"
"2023-02-28","78","10","9","28.78"
"2023-02-28","79","8","8","51.84"
"2023-02-28","80","6","6","19.71"
"2023-02-28","82","9","9","31.67"
"2023-02-28","83","7","7","25.08"
"2023-02-28","84","7","6","22.96"
"2023-02-28","86","8","7","30.99"
"2023-02-28","88","9","8","21.77"
"2023-02-28","89","8","8","82.16"
"2023-02-28","90","7","7","8.39"
"2023-02-28","96","6","5","47.21"
